[
  {
    "id": "9c66b5ce-368b-4fde-b3b8-55373ea3bde5",
    "data": [
      {
        "text": "could you order pet food ",
        "userDefined": false
      },
      {
        "text": "here",
        "meta": "@sys.address",
        "alias": "address",
        "userDefined": true
      }
    ],
    "isTemplate": false,
    "count": 0,
    "lang": "en",
    "updated": 0
  },
  {
    "id": "0d3a35c1-afe0-4179-846c-039c89fbd0cb",
    "data": [
      {
        "text": "order me a ",
        "userDefined": false
      },
      {
        "text": "pedigree",
        "meta": "@Brandname",
        "alias": "Brandname",
        "userDefined": true
      },
      {
        "text": " pet food.",
        "userDefined": false
      }
    ],
    "isTemplate": false,
    "count": 0,
    "lang": "en",
    "updated": 0
  },
  {
    "id": "5cbc70e9-a2c1-4d7c-84f8-56de87ab2597",
    "data": [
      {
        "text": "order me a ",
        "userDefined": false
      },
      {
        "text": "pet",
        "meta": "@pet",
        "alias": "pet",
        "userDefined": true
      },
      {
        "text": " food",
        "userDefined": false
      }
    ],
    "isTemplate": false,
    "count": 0,
    "lang": "en",
    "updated": 0
  },
  {
    "id": "636e70fe-6acc-4647-821d-68418ec817ed",
    "data": [
      {
        "text": "could u order ",
        "userDefined": false
      },
      {
        "text": "small",
        "meta": "@size",
        "alias": "size",
        "userDefined": true
      },
      {
        "text": " size pet food packet",
        "userDefined": false
      }
    ],
    "isTemplate": false,
    "count": 0,
    "lang": "en",
    "updated": 0
  },
  {
    "id": "e31ee086-3479-4310-96a9-d3ffc5f9ec22",
    "data": [
      {
        "text": "could you order me a pet food in the mobile of ",
        "userDefined": false
      },
      {
        "text": "8285689605",
        "meta": "@sys.number",
        "alias": "number",
        "userDefined": true
      }
    ],
    "isTemplate": false,
    "count": 0,
    "lang": "en",
    "updated": 0
  },
  {
    "id": "a2e159c1-53dc-4d67-9cf0-566ab85536a6",
    "data": [
      {
        "text": "could you order me a pet food to the mailid  ",
        "userDefined": false
      },
      {
        "text": "myemail@gmail.com",
        "meta": "@sys.email",
        "alias": "email",
        "userDefined": true
      }
    ],
    "isTemplate": false,
    "count": 0,
    "lang": "en",
    "updated": 0
  },
  {
    "id": "645aa716-1998-4a32-ac2b-5e42472ade2e",
    "data": [
      {
        "text": "order me pet food",
        "userDefined": false
      }
    ],
    "isTemplate": false,
    "count": 0,
    "lang": "en",
    "updated": 0
  },
  {
    "id": "8e5eef9e-82d5-4b5b-9823-e77e66ad301b",
    "data": [
      {
        "text": "Please order me a pet food",
        "userDefined": false
      }
    ],
    "isTemplate": false,
    "count": 0,
    "lang": "en",
    "updated": 0
  }
]