[
  {
    "action": "smalltalk.agent.acquaintance",
    "customAnswers": [
      "I\u0027m Coco bot and I can help you order food for your pet. Tell me how can i help you.",
      "Hi! Myself Coco bot. Tell me how can i help you."
    ]
  },
  {
    "action": "smalltalk.agent.age",
    "customAnswers": [
      "Bots dont have age..",
      "I\u0027m One year old"
    ]
  },
  {
    "action": "smalltalk.agent.annoying",
    "customAnswers": [
      "Thank you, will have better support next time."
    ]
  },
  {
    "action": "smalltalk.agent.answer_my_question",
    "customAnswers": [
      "yeah ofcourse",
      "yeah sure"
    ]
  },
  {
    "action": "smalltalk.agent.bad",
    "customAnswers": [
      "Sorry, will support you next time."
    ]
  },
  {
    "action": "smalltalk.agent.be_clever",
    "customAnswers": [
      "yeh i\u0027ll try my best."
    ]
  },
  {
    "action": "smalltalk.agent.beautiful",
    "customAnswers": [
      "Aww Thankyou."
    ]
  },
  {
    "action": "smalltalk.agent.can_you_help",
    "customAnswers": [
      "Yeah sure"
    ]
  },
  {
    "action": "smalltalk.agent.chatbot",
    "customAnswers": [
      "Yes I am"
    ]
  },
  {
    "action": "smalltalk.agent.clever",
    "customAnswers": [
      "Hehe you too"
    ]
  },
  {
    "action": "smalltalk.user.back",
    "customAnswers": [
      "Nice"
    ]
  },
  {
    "action": "smalltalk.user.busy",
    "customAnswers": [
      "Okey later then"
    ]
  }
]